{
  "/api/v3/user/info-mobile" : {
    "transaction" : "/api/v3/user/info-mobile",
    "sampleCount" : 2143,
    "errorCount" : 0,
    "errorPct" : 0.0,
    "meanResTime" : 452.1451236584218,
    "medianResTime" : 311.0,
    "minResTime" : 34.0,
    "maxResTime" : 2476.0,
    "pct1ResTime" : 1029.800000000001,
    "pct2ResTime" : 1281.8,
    "pct3ResTime" : 1761.0,
    "throughput" : 3.6068393618435777,
    "receivedKBytesPerSec" : 13.41043062483064,
    "sentKBytesPerSec" : 1.7012728630570784
  },
  "/api/v3/user/shiftsv2" : {
    "transaction" : "/api/v3/user/shiftsv2",
    "sampleCount" : 2135,
    "errorCount" : 0,
    "errorPct" : 0.0,
    "meanResTime" : 166.07540983606526,
    "medianResTime" : 100.0,
    "minResTime" : 7.0,
    "maxResTime" : 1124.0,
    "pct1ResTime" : 455.8000000000002,
    "pct2ResTime" : 587.0,
    "pct3ResTime" : 834.5199999999977,
    "throughput" : 3.5969283747948824,
    "receivedKBytesPerSec" : 2.541460956795583,
    "sentKBytesPerSec" : 1.686060175685101
  },
  "/api/v3/user/notice/unseen-count" : {
    "transaction" : "/api/v3/user/notice/unseen-count",
    "sampleCount" : 2145,
    "errorCount" : 0,
    "errorPct" : 0.0,
    "meanResTime" : 80.48717948717939,
    "medianResTime" : 18.0,
    "minResTime" : 2.0,
    "maxResTime" : 1102.0,
    "pct1ResTime" : 206.4000000000001,
    "pct2ResTime" : 317.6999999999998,
    "pct3ResTime" : 583.54,
    "throughput" : 3.6105640559511185,
    "receivedKBytesPerSec" : 2.2354468862041106,
    "sentKBytesPerSec" : 1.7312372572968742
  },
  "/api/v3/states" : {
    "transaction" : "/api/v3/states",
    "sampleCount" : 2133,
    "errorCount" : 0,
    "errorPct" : 0.0,
    "meanResTime" : 65.70182841068913,
    "medianResTime" : 14.0,
    "minResTime" : 2.0,
    "maxResTime" : 998.0,
    "pct1ResTime" : 190.20000000000027,
    "pct2ResTime" : 300.0,
    "pct3ResTime" : 543.3399999999929,
    "throughput" : 3.597176899142445,
    "receivedKBytesPerSec" : 10.745863412574941,
    "sentKBytesPerSec" : 1.6615865950140396
  },
  "/api/v3/getsavedfilters" : {
    "transaction" : "/api/v3/getsavedfilters",
    "sampleCount" : 2130,
    "errorCount" : 0,
    "errorPct" : 0.0,
    "meanResTime" : 147.43943661971852,
    "medianResTime" : 92.0,
    "minResTime" : 5.0,
    "maxResTime" : 1097.0,
    "pct1ResTime" : 393.0,
    "pct2ResTime" : 508.34999999999945,
    "pct3ResTime" : 873.2100000000005,
    "throughput" : 3.594505974811457,
    "receivedKBytesPerSec" : 2.1658302602135437,
    "sentKBytesPerSec" : 1.691945195174924
  },
  "/api/v3/user/notices" : {
    "transaction" : "/api/v3/user/notices",
    "sampleCount" : 2139,
    "errorCount" : 0,
    "errorPct" : 0.0,
    "meanResTime" : 145.25853202431054,
    "medianResTime" : 86.0,
    "minResTime" : 9.0,
    "maxResTime" : 1227.0,
    "pct1ResTime" : 386.0,
    "pct2ResTime" : 546.0,
    "pct3ResTime" : 813.3999999999996,
    "throughput" : 3.602204771616176,
    "receivedKBytesPerSec" : 3.042993175451286,
    "sentKBytesPerSec" : 1.685015708597801
  },
  "/api/v3/shifts/availablev3" : {
    "transaction" : "/api/v3/shifts/availablev3",
    "sampleCount" : 2148,
    "errorCount" : 0,
    "errorPct" : 0.0,
    "meanResTime" : 1328.7118249534467,
    "medianResTime" : 1170.0,
    "minResTime" : 171.0,
    "maxResTime" : 4159.0,
    "pct1ResTime" : 2573.4000000000005,
    "pct2ResTime" : 2885.0,
    "pct3ResTime" : 3549.5699999999983,
    "throughput" : 3.5982611754654874,
    "receivedKBytesPerSec" : 17.07258575552177,
    "sentKBytesPerSec" : 1.7042545606452746
  },
  "/api/v3/announcements" : {
    "transaction" : "/api/v3/announcements",
    "sampleCount" : 2135,
    "errorCount" : 0,
    "errorPct" : 0.0,
    "meanResTime" : 611.7433255269311,
    "medianResTime" : 409.0,
    "minResTime" : 27.0,
    "maxResTime" : 3406.0,
    "pct1ResTime" : 1481.2000000000003,
    "pct2ResTime" : 1800.1999999999998,
    "pct3ResTime" : 2402.119999999999,
    "throughput" : 3.5971404839206977,
    "receivedKBytesPerSec" : 4.79501636772632,
    "sentKBytesPerSec" : 1.6861596018378269
  },
  "/api/v3/user/showonboardingflow" : {
    "transaction" : "/api/v3/user/showonboardingflow",
    "sampleCount" : 2145,
    "errorCount" : 0,
    "errorPct" : 0.0,
    "meanResTime" : 55.48951048951055,
    "medianResTime" : 10.0,
    "minResTime" : 1.0,
    "maxResTime" : 751.0,
    "pct1ResTime" : 178.0,
    "pct2ResTime" : 255.69999999999982,
    "pct3ResTime" : 393.0799999999999,
    "throughput" : 3.6105579784915105,
    "receivedKBytesPerSec" : 2.2707024786606764,
    "sentKBytesPerSec" : 1.7277084076766016
  },
  "POST Login" : {
    "transaction" : "POST Login",
    "sampleCount" : 2150,
    "errorCount" : 0,
    "errorPct" : 0.0,
    "meanResTime" : 1259.5948837209316,
    "medianResTime" : 1186.5,
    "minResTime" : 272.0,
    "maxResTime" : 3482.0,
    "pct1ResTime" : 2152.9,
    "pct2ResTime" : 2393.45,
    "pct3ResTime" : 2879.309999999996,
    "throughput" : 3.58248547843677,
    "receivedKBytesPerSec" : 14.122372223469611,
    "sentKBytesPerSec" : 1.0619898733341442
  },
  "Total" : {
    "transaction" : "Total",
    "sampleCount" : 36385,
    "errorCount" : 0,
    "errorPct" : 0.0,
    "meanResTime" : 329.2229765013077,
    "medianResTime" : 91.0,
    "minResTime" : 1.0,
    "maxResTime" : 4159.0,
    "pct1ResTime" : 859.0,
    "pct2ResTime" : 1377.0,
    "pct3ResTime" : 2285.9600000000064,
    "throughput" : 60.62731820135901,
    "receivedKBytesPerSec" : 156.77334456626514,
    "sentKBytesPerSec" : 27.944893536654657
  },
  "/api/v3/filtersv2" : {
    "transaction" : "/api/v3/filtersv2",
    "sampleCount" : 2134,
    "errorCount" : 0,
    "errorPct" : 0.0,
    "meanResTime" : 210.7146204311149,
    "medianResTime" : 145.0,
    "minResTime" : 17.0,
    "maxResTime" : 1485.0,
    "pct1ResTime" : 480.5,
    "pct2ResTime" : 640.0,
    "pct3ResTime" : 977.3000000000002,
    "throughput" : 3.5980441746754344,
    "receivedKBytesPerSec" : 13.893653973823975,
    "sentKBytesPerSec" : 1.6725283468217838
  },
  "/api/v3/recent-overdue-timesheet" : {
    "transaction" : "/api/v3/recent-overdue-timesheet",
    "sampleCount" : 2132,
    "errorCount" : 0,
    "errorPct" : 0.0,
    "meanResTime" : 70.15150093808634,
    "medianResTime" : 15.5,
    "minResTime" : 2.0,
    "maxResTime" : 860.0,
    "pct1ResTime" : 198.0,
    "pct2ResTime" : 296.0,
    "pct3ResTime" : 508.6900000000005,
    "throughput" : 3.59547833184646,
    "receivedKBytesPerSec" : 2.348999027348908,
    "sentKBytesPerSec" : 1.7240037704459101
  },
  "Transaction Controller" : {
    "transaction" : "Transaction Controller",
    "sampleCount" : 2130,
    "errorCount" : 0,
    "errorPct" : 0.0,
    "meanResTime" : 5591.916901408452,
    "medianResTime" : 5495.0,
    "minResTime" : 1650.0,
    "maxResTime" : 13448.0,
    "pct1ResTime" : 7645.600000000001,
    "pct2ResTime" : 8231.699999999999,
    "pct3ResTime" : 9316.210000000001,
    "throughput" : 3.551213331221501,
    "receivedKBytesPerSec" : 155.9413707886653,
    "sentKBytesPerSec" : 27.82900694195517
  },
  "/api/v3/nurse/requirementsV2" : {
    "transaction" : "/api/v3/nurse/requirementsV2",
    "sampleCount" : 2145,
    "errorCount" : 0,
    "errorPct" : 0.0,
    "meanResTime" : 167.7631701631704,
    "medianResTime" : 79.0,
    "minResTime" : 6.0,
    "maxResTime" : 1675.0,
    "pct1ResTime" : 475.8000000000002,
    "pct2ResTime" : 662.7999999999993,
    "pct3ResTime" : 998.0799999999999,
    "throughput" : 3.610187292140732,
    "receivedKBytesPerSec" : 17.818276549498275,
    "sentKBytesPerSec" : 1.716954307883336
  },
  "/api/v3/roles" : {
    "transaction" : "/api/v3/roles",
    "sampleCount" : 2137,
    "errorCount" : 0,
    "errorPct" : 0.0,
    "meanResTime" : 69.36359382311652,
    "medianResTime" : 15.0,
    "minResTime" : 2.0,
    "maxResTime" : 905.0,
    "pct1ResTime" : 195.0,
    "pct2ResTime" : 293.0999999999999,
    "pct3ResTime" : 536.9599999999991,
    "throughput" : 3.5995458878936004,