{
  "/api/v3/user/info-mobile" : {
    "transaction" : "/api/v3/user/info-mobile",
    "sampleCount" : 1375,
    "errorCount" : 0,
    "errorPct" : 0.0,
    "meanResTime" : 379.2734545454553,
    "medianResTime" : 339.0,
    "minResTime" : 39.0,
    "maxResTime" : 1284.0,
    "pct1ResTime" : 728.2000000000003,
    "pct2ResTime" : 878.6000000000001,
    "pct3ResTime" : 1012.48,
    "throughput" : 2.2807002993937484,
    "receivedKBytesPerSec" : 8.511571897521916,
    "sentKBytesPerSec" : 1.0757600044991997
  },
  "/api/v3/user/shiftsv2" : {
    "transaction" : "/api/v3/user/shiftsv2",
    "sampleCount" : 1375,
    "errorCount" : 0,
    "errorPct" : 0.0,
    "meanResTime" : 121.29454545454553,
    "medianResTime" : 95.0,
    "minResTime" : 10.0,
    "maxResTime" : 1009.0,
    "pct1ResTime" : 283.0,
    "pct2ResTime" : 394.4000000000001,
    "pct3ResTime" : 608.24,
    "throughput" : 2.2810862283773763,
    "receivedKBytesPerSec" : 1.8503546129992052,
    "sentKBytesPerSec" : 1.0692591695518952
  },
  "/api/v3/user/notice/unseen-count" : {
    "transaction" : "/api/v3/user/notice/unseen-count",
    "sampleCount" : 1377,
    "errorCount" : 0,
    "errorPct" : 0.0,
    "meanResTime" : 61.89469862018883,
    "medianResTime" : 17.0,
    "minResTime" : 3.0,
    "maxResTime" : 905.0,
    "pct1ResTime" : 110.20000000000005,
    "pct2ResTime" : 200.0,
    "pct3ResTime" : 495.10000000000014,
    "throughput" : 2.282480593942227,
    "receivedKBytesPerSec" : 1.4131764614837614,
    "sentKBytesPerSec" : 1.0944316129156575
  },
  "/api/v3/states" : {
    "transaction" : "/api/v3/states",
    "sampleCount" : 1373,
    "errorCount" : 0,
    "errorPct" : 0.0,
    "meanResTime" : 48.95702840495262,
    "medianResTime" : 11.0,
    "minResTime" : 3.0,
    "maxResTime" : 592.0,
    "pct1ResTime" : 101.0,
    "pct2ResTime" : 188.29999999999995,
    "pct3ResTime" : 395.26,
    "throughput" : 2.280389974920693,
    "receivedKBytesPerSec" : 6.8122196614085935,
    "sentKBytesPerSec" : 1.0533441973998903
  },
  "/api/v3/getsavedfilters" : {
    "transaction" : "/api/v3/getsavedfilters",
    "sampleCount" : 1373,
    "errorCount" : 0,
    "errorPct" : 0.0,
    "meanResTime" : 100.02986161689734,
    "medianResTime" : 91.0,
    "minResTime" : 6.0,
    "maxResTime" : 806.0,
    "pct1ResTime" : 199.0,
    "pct2ResTime" : 290.29999999999995,
    "pct3ResTime" : 594.0,
    "throughput" : 2.2800302232702574,
    "receivedKBytesPerSec" : 1.3738072732009268,
    "sentKBytesPerSec" : 1.073217351187758
  },
  "/api/v3/user/notices" : {
    "transaction" : "/api/v3/user/notices",
    "sampleCount" : 1375,
    "errorCount" : 0,
    "errorPct" : 0.0,
    "meanResTime" : 118.10327272727262,
    "medianResTime" : 93.0,
    "minResTime" : 11.0,
    "maxResTime" : 998.0,
    "pct1ResTime" : 269.4000000000001,
    "pct2ResTime" : 344.0000000000007,
    "pct3ResTime" : 611.1200000000001,
    "throughput" : 2.2813360167375403,
    "receivedKBytesPerSec" : 2.3684269913367304,
    "sentKBytesPerSec" : 1.0671483906418768
  },
  "/api/v3/shifts/availablev3" : {
    "transaction" : "/api/v3/shifts/availablev3",
    "sampleCount" : 1380,
    "errorCount" : 0,
    "errorPct" : 0.0,
    "meanResTime" : 1021.2514492753621,
    "medianResTime" : 1002.0,
    "minResTime" : 172.0,
    "maxResTime" : 2877.0,
    "pct1ResTime" : 1705.7000000000003,
    "pct2ResTime" : 1906.95,
    "pct3ResTime" : 2381.5200000000004,
    "throughput" : 2.2832259003851703,
    "receivedKBytesPerSec" : 13.261110199980807,
    "sentKBytesPerSec" : 1.081410704772273
  },
  "/api/v3/announcements" : {
    "transaction" : "/api/v3/announcements",
    "sampleCount" : 1374,
    "errorCount" : 0,
    "errorPct" : 0.0,
    "meanResTime" : 474.0691411935952,
    "medianResTime" : 410.5,
    "minResTime" : 33.0,
    "maxResTime" : 1607.0,
    "pct1ResTime" : 977.0,
    "pct2ResTime" : 1095.25,
    "pct3ResTime" : 1386.5,
    "throughput" : 2.2785653993044903,
    "receivedKBytesPerSec" : 3.0373454785650678,
    "sentKBytesPerSec" : 1.0680775309239798
  },
  "/api/v3/user/showonboardingflow" : {
    "transaction" : "/api/v3/user/showonboardingflow",
    "sampleCount" : 1377,
    "errorCount" : 0,
    "errorPct" : 0.0,
    "meanResTime" : 35.873638344226606,
    "medianResTime" : 6.0,
    "minResTime" : 2.0,
    "maxResTime" : 502.0,
    "pct1ResTime" : 95.0,
    "pct2ResTime" : 109.0,
    "pct3ResTime" : 290.44000000000005,
    "throughput" : 2.2825070779268137,
    "receivedKBytesPerSec" : 1.4354829669774103,
    "sentKBytesPerSec" : 1.092215300961073
  },
  "POST Login" : {
    "transaction" : "POST Login",
    "sampleCount" : 1383,
    "errorCount" : 0,
    "errorPct" : 0.0,
    "meanResTime" : 1008.5220535068677,
    "medianResTime" : 1003.0,
    "minResTime" : 270.0,
    "maxResTime" : 2211.0,
    "pct1ResTime" : 1475.6000000000001,
    "pct2ResTime" : 1586.8,
    "pct3ResTime" : 1796.4400000000007,
    "throughput" : 2.284975993708468,
    "receivedKBytesPerSec" : 9.039569050512343,
    "sentKBytesPerSec" : 0.6763450978756166
  },
  "Total" : {
    "transaction" : "Total",
    "sampleCount" : 23389,
    "errorCount" : 0,
    "errorPct" : 0.0,
    "meanResTime" : 257.68493736371687,
    "medianResTime" : 93.0,
    "minResTime" : 2.0,
    "maxResTime" : 2877.0,
    "pct1ResTime" : 784.0,
    "pct2ResTime" : 1091.9500000000007,
    "pct3ResTime" : 1594.9900000000016,
    "throughput" : 38.63951377221372,
    "receivedKBytesPerSec" : 105.12451467515567,
    "sentKBytesPerSec" : 17.80863913586855
  },
  "/api/v3/filtersv2" : {
    "transaction" : "/api/v3/filtersv2",
    "sampleCount" : 1373,
    "errorCount" : 0,
    "errorPct" : 0.0,
    "meanResTime" : 177.37873270211222,
    "medianResTime" : 154.0,
    "minResTime" : 20.0,
    "maxResTime" : 895.0,
    "pct1ResTime" : 341.8000000000004,
    "pct2ResTime" : 422.29999999999995,
    "pct3ResTime" : 692.26,
    "throughput" : 2.279965858632153,
    "receivedKBytesPerSec" : 9.596069858515083,
    "sentKBytesPerSec" : 1.05982787959854
  },
  "/api/v3/recent-overdue-timesheet" : {
    "transaction" : "/api/v3/recent-overdue-timesheet",
    "sampleCount" : 1373,
    "errorCount" : 0,
    "errorPct" : 0.0,
    "meanResTime" : 42.95775673707217,
    "medianResTime" : 9.0,
    "minResTime" : 2.0,
    "maxResTime" : 603.0,
    "pct1ResTime" : 97.0,
    "pct2ResTime" : 165.0,
    "pct3ResTime" : 378.0,
    "throughput" : 2.28068543484183,
    "receivedKBytesPerSec" : 1.4900181210050631,
    "sentKBytesPerSec" : 1.0935708481516981
  },
  "Transaction Controller" : {
    "transaction" : "Transaction Controller",
    "sampleCount" : 1373,
    "errorCount" : 0,
    "errorPct" : 0.0,
    "meanResTime" : 4377.102694828842,
    "medianResTime" : 4085.0,
    "minResTime" : 1514.0,
    "maxResTime" : 7824.0,
    "pct1ResTime" : 6012.8,
    "pct2ResTime" : 6296.099999999999,
    "pct3ResTime" : 7058.76,
    "throughput" : 2.2696540802528524,
    "receivedKBytesPerSec" : 104.93709040223958,
    "sentKBytesPerSec" : 17.785090295410438
  },
  "/api/v3/nurse/requirementsV2" : {
    "transaction" : "/api/v3/nurse/requirementsV2",
    "sampleCount" : 1377,
    "errorCount" : 0,
    "errorPct" : 0.0,
    "meanResTime" : 146.98547567175038,
    "medianResTime" : 104.0,
    "minResTime" : 9.0,
    "maxResTime" : 965.0,
    "pct1ResTime" : 308.0,
    "pct2ResTime" : 470.49999999999955,
    "pct3ResTime" : 705.22,
    "throughput" : 2.2824162782525677,
    "receivedKBytesPerSec" : 12.544186074940164,
    "sentKBytesPerSec" : 1.0854850854580083
  },
  "/api/v3/roles" : {
    "transaction" : "/api/v3/roles",
    "sampleCount" : 1375,
    "errorCount" : 0,
    "errorPct" : 0.0,
    "meanResTime" : 51.335999999999984,
    "medianResTime" : 12.0,
    "minResTime" : 3.0,
    "maxResTime" : 787.0,
    "pct1ResTime" : 108.0,
    "pct2ResTime" : 200.0,
    "pct3ResTime" : 394.68000000000006,
    "throughput" : 2.281669152994629,
    "receivedKBytesPerSec" : 1.7223928274070779,
    "sentKBytesPerSec" : 1.0517068752084615
  },